model_name,optimizer,model_key,seed_word_urdu,seed_word_english,temperature,generated_text,vocab_diversity,repetition_rate,avg_word_length,total_words,unique_words
RNN,Adam,RNN_Adam,محبت,Love,0.7,محبت کا مگر بھی کی ہاتھ ہیں بھی ہے تو شوق پہ میں کا لذت سے کام وہ تو ہزاروں سر کی سے پھول نے ہے,0.7692307692307693,0.0,2.6923076923076925,26,20
RNN,Adam,RNN_Adam,محبت,Love,1.0,محبت سب گر خنجر ہو دن سے کو لوں سی تھے جو خوردہ جہاں چمن مبتلائے شرم جس یاں نظر صبح آنے رسول صنم روشن کے,1.0,0.0,3.0384615384615383,26,26
RNN,Adam,RNN_Adam,محبت,Love,1.3,محبت ترا اپنا کیا زینہار نظروں افشاں اک سلامت اتر حیا شوخیٔ نہیں رہا بہ کار کدھر گی کہ سارے کو ایسے کے رہے کہ آسماں,0.9615384615384616,0.0,3.4615384615384617,26,25
RNN,Adam,RNN_Adam,دل,Heart,0.7,دل سے ہے کی انداز بزم بنا نہ کوں خطا پردے میں ترا کو بھی بے ہوئے بھلا کہانی اگر کے کیا کو ذرا کیا صورت,0.9230769230769231,0.0,2.9615384615384617,26,24
RNN,Adam,RNN_Adam,دل,Heart,1.0,دل جست تھا ہے کیا عاشق خاموش زبان پڑی قابو دل میں ہوا تقاضا سورج ہے نہ لچک یار انداز کے زلف چور دروازہ رہ پوچھ,0.9230769230769231,0.0,3.269230769230769,26,24
RNN,Adam,RNN_Adam,دل,Heart,1.3,دل ملامت ساقی لے کا تھی پھندا نکلنا خواب آشنا رکھوں آستانہ کے کسے تبسم فروزاں نکتہ جا آرا جھگڑا قتل صبر حق ان بیدل دوں,1.0,0.0,3.6153846153846154,26,26
RNN,Adam,RNN_Adam,شام,Evening,0.7,شام میں چلو عمر ہیں یوں میں فسانہ ہے باقی چھپتا کی مرا حاصل رسم سر ہوں ہے کا نہ ہے کی مگر کی ہے اگر,0.7692307692307693,0.0,2.8461538461538463,26,20
RNN,Adam,RNN_Adam,شام,Evening,1.0,شام زمین ہے شعلۂ روئے لگے میں سبحہ کے قسم ملنے تڑپا لوٹا و کہ آج دھو جفا ناوک کیا سے ہے سے مکان ملک پیاری,0.9230769230769231,0.0,3.076923076923077,26,24
RNN,Adam,RNN_Adam,شام,Evening,1.3,شام کوں تر رہا حق پر اکیلا ہے سحر چڑھائے ابھرے فروش یار جائے سے مت صدا بھی شیرازہ گناہ آنکھیں منطق ایسی سجا کہتا محو,1.0,0.0,3.5,26,26
RNN,Adam,RNN_Adam,یاد,Memory,0.7,یاد ہے کے بے ہیں میں میں گا پھر سر کسی سنتے عید بھی میری تک میں یوں بن ہے کہ کے کافر ہے اب اور,0.8076923076923077,0.0,2.6538461538461537,26,21
RNN,Adam,RNN_Adam,یاد,Memory,1.0,یاد کی اکبرؔ جو رخ اس گئی ہوا ادا مت کام تو سکے ہو سب ریختہ بھرے نے کیا گزر کے آیا میری شیرینی ہے سال,1.0,0.0,2.923076923076923,26,26
RNN,Adam,RNN_Adam,یاد,Memory,1.3,یاد مفلسی صحبت دھواں کر رنگیں چمک جم ہیں ظرف آج آئے ملے کٹ دھوپ شاعر بنتا شہید کون جنبش آندھیوں کو معصومیت کی آشفتہ پیرہن,1.0,0.0,3.6923076923076925,26,26
RNN,Adam,RNN_Adam,خوشی,Happiness,0.7,خوشی کو نہیں کہتا ایسے تو نہ سے ہیں بے بھی گئی یار کو اب ہو ہے کی ہے ابھی تھی وفا پر دل کا کو,0.8846153846153846,0.0,2.6153846153846154,26,23
RNN,Adam,RNN_Adam,خوشی,Happiness,1.0,خوشی تدبیر لیے کیا کیسا گیا دل فریاد اگر نہیں عہد جینے کہاں کہ ہے طلسم اگر تخت تصویر یا صبر پر کا تو پیاری نیا,0.9615384615384616,0.0,3.269230769230769,26,25
RNN,Adam,RNN_Adam,خوشی,Happiness,1.3,خوشی جرس دکھلا جاتی نیستی زاہد خمیدہ سر زلف تمہیں ہے اڑ حکیم تدرو موجۂ گھر مر لوگ آگ خانہ سویداۓ دل رضا برباد چور چراغان,1.0,0.0,3.6538461538461537,26,26
RNN,RMSprop,RNN_RMSprop,محبت,Love,0.7,محبت آدمی ہے دیا میں میں عالم دیں تو ہے نظر ہوئے سے چکیں تھی ہیں ہیں کو ہوا اس رہا کیا ہے کرے ہیں اور,0.8076923076923077,0.0,2.923076923076923,26,21
RNN,RMSprop,RNN_RMSprop,محبت,Love,1.0,محبت دل کہ کچھ ہی ہم و کو ہے نہہ سے کوئی ٹوٹیں ہے بہانہ تھی کا تو نگہباں اس ترے پر فرو کو پھینکے ہے,0.8846153846153846,0.0,2.8461538461538463,26,23
RNN,RMSprop,RNN_RMSprop,محبت,Love,1.3,محبت کس خنجر ہوا گل وارفتگی دکھانے کی صاف موجۂ بار راندۂ تمدن دار کمخواب کلی معصومیت دیکھنے کہ مے عرفاں آلا نیر زائد شکوۂ مجھے,1.0,0.0,3.923076923076923,26,26
RNN,RMSprop,RNN_RMSprop,دل,Heart,0.7,دل ہے کو عشق سے کے ہے کوئی کے وہ نہیں کھوٹے آواز تو ان نہ کے ہے پر کے بھی میں ہے پہ کے کے,0.6923076923076923,0.040000000000000036,2.4615384615384617,26,18
RNN,RMSprop,RNN_RMSprop,دل,Heart,1.0,دل کہ کے ہے ہیں بوریا پڑھیں میری خلل کہ رخ سرشت غیر جوہر کے پر ہے نہ یہ بلاغت ہے نظر جلاد اگر جاتا بسملوں,0.8461538461538461,0.0,3.076923076923077,26,22
RNN,RMSprop,RNN_RMSprop,دل,Heart,1.3,دل بجھائے چھانی کے چاہتیں نفس میں استماع شہسواروں مطلق ماتے غم دلا برا کے غموں سوزن کی گا جانے غم نظام تسلی قدر دونوں کلاں,0.9230769230769231,0.0,3.730769230769231,26,24
RNN,RMSprop,RNN_RMSprop,شام,Evening,0.7,شام ہے میں کیا الوطن اب گے بے ہے کے کیا ہے تو سے نے ہے تھی کہ کو میں و گئے ہوئی میں ديکھا کی,0.7692307692307693,0.0,2.576923076923077,26,20
RNN,RMSprop,RNN_RMSprop,شام,Evening,1.0,شام کیا بے جائے لوگ در نہ ہم الم کا تغافل پڑتا قامت کدے کہ تھی آ فیکوں تھا زنان بتلاؤ نفرت لیں مری کی سب,1.0,0.0,3.0384615384615383,26,26
RNN,RMSprop,RNN_RMSprop,شام,Evening,1.3,شام میں معنی دھڑکن صبا وہ گاۂ مکافات انکھیاں ارادہ بدل گوشہ راہ سوختہ سو عناں ملنے گے دن مرجھائے بے رات جھلملاتی سے ہے لہو,1.0,0.0,3.730769230769231,26,26
RNN,RMSprop,RNN_RMSprop,یاد,Memory,0.7,یاد اللہ ہے دو دل ہے مگر ہے کا اس تھا سے کے ہوتا کو نہیں ہیں میں نہ ہے میں بات خوش ہے کی کرو,0.8076923076923077,0.0,2.576923076923077,26,21
RNN,RMSprop,RNN_RMSprop,یاد,Memory,1.0,یاد پہنچے ہے کے آئینۂ مشکل خواہی گرا جبہہ وہی ہو کی ہے کی بزم پھر اڑنے تھا پر غیر سبد لب نہیں اک افزائش قصۂ,0.9230769230769231,0.0,3.1538461538461537,26,24
RNN,RMSprop,RNN_RMSprop,یاد,Memory,1.3,یاد سے ہوتا مانے تھرتھرا ہم روتے بڑھے اس کہنا ہے رکھیے ہیں تھا شیعہ صدا لڑکوں شیفتہ کر بے کشور بات رہتا کالر خود صبح,1.0,0.0,3.5,26,26
RNN,RMSprop,RNN_RMSprop,خوشی,Happiness,0.7,خوشی کی ہوا کی تو دل کا کے اس کو ہیں تو تھی کیا مہینوں کا میرا کہ ہاتھ و ہے ہے اے کر ہیں نہ,0.8076923076923077,0.0,2.5384615384615383,26,21
RNN,RMSprop,RNN_RMSprop,خوشی,Happiness,1.0,خوشی گئیں جان بھی تقوی پتھر آگے دے ڈھنگ ہے برا مشورت بھر ہائے چھائی ہے کی سبحۂ سوا لہلہا مجھ کسی ساز ہیں وہ آشناؤں,0.9615384615384616,0.0,3.423076923076923,26,25
RNN,RMSprop,RNN_RMSprop,خوشی,Happiness,1.3,خوشی بسیار جیون شمع فریبی اب قسمت نثار کوہ کار کہا بھولی ہوتی چرا نم گزر تارہ کے رنگ کرن ڈنر نہ دلبری بے ہے باغبانی,1.0,0.0,3.4615384615384617,26,26
RNN,SGD,RNN_SGD,محبت,Love,0.7,محبت سر دل ہوئی ہے تو ہی تر ہے اے دل کی بزم کہاں ہے نہ لکھو میں ہو یا اس کا ہے سال میں کھو,0.8076923076923077,0.0,2.5,26,21
RNN,SGD,RNN_SGD,محبت,Love,1.0,محبت کی قیامت دیا لیے یاں سے دم پانچ کھینچنا ہے میرے خبر ایماں ہے تمہیں مصلحت ندا ہے ذرا چھتیاں مندر کو ہو سنے متاع,0.9230769230769231,0.0,3.4615384615384617,26,24
RNN,SGD,RNN_SGD,محبت,Love,1.3,محبت خاک کش کرشمے ہو مثل لٹے ابر باندی کی جانب قے ہے ابھرے یگانے دیئے کرتی ہے کچھ ہوا ویرانی درد کی رونے رہا تمہیں,0.9230769230769231,0.0,3.423076923076923,26,24
RNN,SGD,RNN_SGD,دل,Heart,0.7,دل میں یوں جو ہوتی ہے تو پیار و بر و عشق میں ہے یہ دھیان کہ ولے بے رہ لیا نہ ہو گئی نہ وہ,0.8461538461538461,0.0,2.4615384615384617,26,22
RNN,SGD,RNN_SGD,دل,Heart,1.0,دل تصویر ہوں میں آہوئے فرد نہیں دھواں بھاری ہے آ اے اک کچی ہے تری نظر رنگ ہے کیا سنبھل ملتا ہے ہم میں کہیے,0.8461538461538461,0.0,3.1538461538461537,26,22
RNN,SGD,RNN_SGD,دل,Heart,1.3,دل پہ جام جاں گردون حزیں جسے عطر لکھیں رہ کر حکیم حیواں سے برباد بولتا ملتا ربط ہوگا سامنا ہے زر کے کام نگیں کو,1.0,0.0,3.3076923076923075,26,26
RNN,SGD,RNN_SGD,شام,Evening,0.7,شام ہو گئے کوئی آج ہی برابر ہے ہم حسن ویسی کو ہے چاندنی و دیوار پہ ہے جو تنہا ہے اکثر تک کہ ہم سے,0.8461538461538461,0.0,2.769230769230769,26,22
RNN,SGD,RNN_SGD,شام,Evening,1.0,شام پیاری کی نگاہ بچئے ہیں پھر کدھر لگیں گے ہے فراقؔ قافلوں میں اک دیوار معلوم ہے یوں ہے ہم عالم میں چھا کے معاملہ,0.8846153846153846,0.0,3.423076923076923,26,23
RNN,SGD,RNN_SGD,شام,Evening,1.3,شام مسطح کو کمتریں آساں جائیے <OOV> تھے ہم میں خرابوں گلیوں کے ندی ٹھہرا ملیں نہیں دیتے ہے پاک کھلی عیش عرصۂ بحر جس کو,0.9615384615384616,0.0,3.576923076923077,26,25
RNN,SGD,RNN_SGD,یاد,Memory,0.7,یاد ہوئے خاکہ کو بھی نہ اے قدم شوق سے غم کر کر جائے گا مری کرشمہ نگراں میں آیا ہے سعی میں ہے جو بھی,0.8461538461538461,0.0,2.8461538461538463,26,22
RNN,SGD,RNN_SGD,یاد,Memory,1.0,یاد اسے رتیاں سکا ہم دل بنی ہے دنیا کوں چھری جگانا لگیں پرواز لے جاتا ہوں میں اپنے برگ کی ماتم ہے ابھی نہیں بارش,0.9615384615384616,0.0,3.3461538461538463,26,25
RNN,SGD,RNN_SGD,یاد,Memory,1.3,یاد خاک ساحری نیم لطف فاصلہ بڑے پیکان پھری ہوتا ہو شراب لیکن یار بھی دو تہذیب نکلے نہ ہمدمو لمحہ میں شرافت پرانا کیوں چکی,1.0,0.0,3.6923076923076925,26,26
RNN,SGD,RNN_SGD,خوشی,Happiness,0.7,خوشی میرا بھی عشق ہو تو غیر کا کچھ بات تھا ہم میں کھلا اس کی طرف دل ہے ہم الٹی کے لیے دل کو آئے,0.9230769230769231,0.0,2.6923076923076925,26,24
RNN,SGD,RNN_SGD,خوشی,Happiness,1.0,خوشی نالہ ہو کسی کے بے شوق ہونا تھا ساقی ہمیشہ مٹا ہے وہ چشم سا تنہا اسے تماشا لگتا ہے بہت کوں نگارخانۂ نہ نہیں,0.9615384615384616,0.0,3.3076923076923075,26,25
RNN,SGD,RNN_SGD,خوشی,Happiness,1.3,خوشی ہوئے خاک خوبی کو نکلا تگ کا بدلتے ہم جانا شریک لرز نہیں تھا ہم باندھے تمام سے سکھائی مکاں رہا ہوں کہیں سرمایہ شمشاد,0.9615384615384616,0.0,3.6538461538461537,26,25
LSTM,Adam,LSTM_Adam,محبت,Love,0.7,محبت میں کہ دماغ کے مہری بے گردش ہی اللہ کو تو جاتی ہے خواب کا پابند نہ سکتی ہے اس میں تو وہ عہد نکلا,0.8846153846153846,0.0,2.923076923076923,26,23
LSTM,Adam,LSTM_Adam,محبت,Love,1.0,محبت گفتگو جھکا آئے کہہ عید سے بھی اضطراب اور وہ ذہن کیسی لطیف شباب کے ناشاد کے روزن پر بھی گا چمن کا اک یارب,0.9230769230769231,0.0,3.230769230769231,26,24
LSTM,Adam,LSTM_Adam,محبت,Love,1.3,محبت چاپ ایک اب بھی تو کو داماں نیاز دلیل کہ رہنے کا علم تھی ورنہ نظر لیتے ہیں وہ تماشائی بر وفا مگر کے علویؔ,1.0,0.0,3.230769230769231,26,26
LSTM,Adam,LSTM_Adam,دل,Heart,0.7,دل سے کہانی ہے درد کو کھڑا سے ہے میں داغؔ میں رہے ہیں دل چکی ہیں نہ کہ وہ کامیاب ہو جائے ہے بے بات,0.7692307692307693,0.0,2.8076923076923075,26,20
LSTM,Adam,LSTM_Adam,دل,Heart,1.0,دل ہوئے تیغ دولت سے کیا طشت ترے آتی کر اللہ کے سن کرے ممکن ہو ہو ہوگی پری سایے کی چاند کا پھر آئے ہے,0.9615384615384616,0.0,2.8846153846153846,26,25
LSTM,Adam,LSTM_Adam,دل,Heart,1.3,دل گرے پھرتی بنے ہو بسکہ ہے کف مری تیر کہا تھی آپ کو میں شرح کہنہ نیاز سکا نہ کرم کی رخصت جاؤ کہ گناہی,1.0,0.0,3.0,26,26
LSTM,Adam,LSTM_Adam,شام,Evening,0.7,شام کی یاد اس ہی کے غم و پیارے ہے کیا تو ہوا کر سکے ہوں نہ ہو ہو ہے دشمن کر رہا ہیں اس کی,0.8076923076923077,0.0,2.4615384615384617,26,21
LSTM,Adam,LSTM_Adam,شام,Evening,1.0,شام گر پڑا اور تری بحر نے گزرا نہیں چکی ہے مے آئینہ کی انگبیں میں اور پہلے روانی مرا کیا رہا ہوئے پردہ کے ہاتھوں,0.9615384615384616,0.0,3.3461538461538463,26,25
LSTM,Adam,LSTM_Adam,شام,Evening,1.3,شام نہ کر کھاؤں کتابوں میں ایسا مرنے لکھوں تو کوئی پھر سمجھے ہو کیا دور رہے ہیں تو ہوں میری تلوار ہیں تاثیر آئیں مر,0.9230769230769231,0.0,3.4615384615384617,26,24
LSTM,Adam,LSTM_Adam,یاد,Memory,0.7,یاد کیا ملے ادا کا گریباں میں آپ ہیں بھی ہو جاتے ہیں ہم مرے شب میں کیا ہے حرم کو ہوں و پتھر سے نہ,0.8846153846153846,0.0,2.769230769230769,26,23
LSTM,Adam,LSTM_Adam,یاد,Memory,1.0,یاد ہوں تو پنجۂ رسانی و برساؤ کریں نہ یاد ہے کیا بے شرطیں ذوق کھا ہے یہ آنکھیں وہی ہوئی میرے جیسے عیش کوئی لے,0.9230769230769231,0.0,3.230769230769231,26,24
LSTM,Adam,LSTM_Adam,یاد,Memory,1.3,یاد نے ہی دار ہمت شاید جس پنہاں دیکھا ہوتی نہیں گیا بدعت شیشہ عمر شب چمن ہے اسیری ٹکرا میں تمثال کہ کوئی آئینۂ آشنائیاں,1.0,0.0,3.6153846153846154,26,26
LSTM,Adam,LSTM_Adam,خوشی,Happiness,0.7,خوشی کو ہم کو نہیں رنجور سکتی ہے بھی اسے مجھ پہ تو کیا کیا گا ہی کہیے ہے نہ گا کہ اس بھی کیا نہ,0.7307692307692307,0.0,2.6923076923076925,26,19
LSTM,Adam,LSTM_Adam,خوشی,Happiness,1.0,خوشی تھے گام آ نہیں تھی شوق سروں کی سی یہ نہ چین پر خدا کو جس کو بھلا دیتا ہے شخص تھے بہت بجھے کہ,0.9230769230769231,0.0,2.769230769230769,26,24
LSTM,Adam,LSTM_Adam,خوشی,Happiness,1.3,خوشی پرانے گے ابھی جی شیدا آوے ہے وصل مرے جگر ہوں ہی حیراں گزرے ہے وحشت واسطے رہی گئے شاداب بخت آیا ہے ترا مسلسل,0.9230769230769231,0.0,3.3461538461538463,26,24
LSTM,RMSprop,LSTM_RMSprop,محبت,Love,0.7,محبت میں رہے ہیں کہ کوں بات ہیں کہ بھی پرس تھا اور ہم پر ہی نہیں ہوتا ہے اپنی دل کا نہ ہو لے تو,0.9230769230769231,0.040000000000000036,2.6923076923076925,26,24
LSTM,RMSprop,LSTM_RMSprop,محبت,Love,1.0,محبت بوقت جاتا ہے صلائے سے ہے میرے تھے گدائے اب ہوں گے بھی چھوڑتے رہے ہیں جب ملوک گی در کرکے جب کسی کی مطلب,0.9230769230769231,0.0,3.1538461538461537,26,24
LSTM,RMSprop,LSTM_RMSprop,محبت,Love,1.3,محبت بچپنے میں کچھ چٹان دونوں طرح سمجھیے نہ دیکھو ہم مرے قبلہ زباں ناصحوں ہوش کچھ انگیز ہے نیازی کا رنگیں بسیں نہ تشنگیٔ کام,0.9230769230769231,0.0,3.8076923076923075,26,24
LSTM,RMSprop,LSTM_RMSprop,دل,Heart,0.7,دل و بات و عبادت پر ہیں اب اک قریب ہیں غزل تھا کہ جو لیے ہے کہ چشم سے کچھ نہیں ہے اس نے میں,0.8461538461538461,0.0,2.5384615384615383,26,22
LSTM,RMSprop,LSTM_RMSprop,دل,Heart,1.0,دل کے رلاتی سے کیا ثواب سمیٹا نہیں سکے دو میرا دوہری دم بھی نہیں پرایا ساتھ تیرا نہیں ہوا ہے جس سے کیا ہوں گے,0.8461538461538461,0.040000000000000036,3.230769230769231,26,22
LSTM,RMSprop,LSTM_RMSprop,دل,Heart,1.3,دل کو بدلیاں دشت دل ڈھلوانوں <OOV> ہو ہوتا راہ درد جزر کے امیدواری بقول آتے ہیں اور جس لے ہم <OOV> قراری قراری قراری نہیں,0.8461538461538461,0.040000000000000036,3.6923076923076925,26,22
LSTM,RMSprop,LSTM_RMSprop,شام,Evening,0.7,شام اک اپنی ہی نہیں کیا آتا ہے کہ بہار کر کے لیے ہے طرح کو ہو رکھ ہوا کی داغ نظر ہو رہی ہوں میں,0.9230769230769231,0.0,2.6923076923076925,26,24
LSTM,RMSprop,LSTM_RMSprop,شام,Evening,1.0,شام ہو کی یوں چشم کہئے نخواستہ رہ جائے گا کم کر کرتے ہیں خبر ہو ہوا ہوں بات سے صفاۓ ہے تو تیرے مشتری سے,0.9230769230769231,0.0,3.0,26,24
LSTM,RMSprop,LSTM_RMSprop,شام,Evening,1.3,شام بنے جائے حقائق کرے اجازت غذا ہم دیوانا کو ہیں غالبؔ تاثیر پر کچھ چھپا ہے میں گدگدا ٹھہرا نہ صحرا ہوتی ہے دشمن ہو,0.9615384615384616,0.0,3.5,26,25
LSTM,RMSprop,LSTM_RMSprop,یاد,Memory,0.7,یاد اور ہے تو نہ ہم سے مجھے تو آج بہت نہ ہو گا ہم میں بھی دل کا ہے دل کہیں نہ ہو ہوتا ہے,0.6923076923076923,0.040000000000000036,2.423076923076923,26,18
LSTM,RMSprop,LSTM_RMSprop,یاد,Memory,1.0,یاد جو منایا ہو ہوں گی نہیں قمار لہروں میں یہ جلالی پلک ہے اکھاڑے کی گاروں کی ہوائیں سیں مسافرو مجھے رہا نہیں مجھ سے,0.9230769230769231,0.0,3.5,26,24
LSTM,RMSprop,LSTM_RMSprop,یاد,Memory,1.3,یاد کس آنکھوں سے دوبارہ جیسے نبھاتے کیوں ہے تم بہت غریبوں میں کاسے ہیں یہ مگر دلایا وہ اک جلالی بھی تبدل بھی تھی وہ,0.9230769230769231,0.0,3.4615384615384617,26,24
LSTM,RMSprop,LSTM_RMSprop,خوشی,Happiness,0.7,خوشی میں تھی اسی پہ لیے ہر کہ اس کی دن کاشانہ ہے ہم گے تو تھے جو کیا یا نہ نہ ہوتا ہے کہ جانا,0.8846153846153846,0.0,2.6153846153846154,26,23
LSTM,RMSprop,LSTM_RMSprop,خوشی,Happiness,1.0,خوشی کی ذات کا غنچۂ بے لڑکا تھی تو نے داغ ہے جانا ہے کرے میں شرمندۂ دایم دور ہے وحشت سا داریٔ ہم نہ میری,0.9230769230769231,0.0,3.0384615384615383,26,24
LSTM,RMSprop,LSTM_RMSprop,خوشی,Happiness,1.3,خوشی موت سے بٹے نے ہستیٔ فرمودۂ تپیدن اظہار ہے نگہی روکے وراثت ترچھی بار بال نہیں دل غم قراری جمی نے رنگیٔ فاختہ اپمان وقار,0.9615384615384616,0.0,3.769230769230769,26,25
LSTM,SGD,LSTM_SGD,محبت,Love,0.7,محبت کو <OOV> کو کیا جائے ہے مجھے ہے بھی ہم ہو کر بھی ہے ہم ہم خوش کیا ہے کرو اسے کرو ہم ہے سکے,0.5769230769230769,0.0,2.6923076923076925,26,15
LSTM,SGD,LSTM_SGD,محبت,Love,1.0,محبت تجھ کرتے ہیں زینت دست رفو بھی کوئے بیٹھے ہیں وجد دوست ہو ہو سے ہیں حالات آ کوئی رسم آئے گیر ہوں بھی گا,0.8461538461538461,0.0,3.1538461538461537,26,22
LSTM,SGD,LSTM_SGD,محبت,Love,1.3,محبت ہیں یکتا رکھ بھی میں کیا گزرا ہو گمانی چلے ہاتھ تو خراش خاک ہوئے رونق ہے جمال معاملہ رہزن کا قدر گی اختصار عام,1.0,0.0,3.4615384615384617,26,26
LSTM,SGD,LSTM_SGD,دل,Heart,0.7,دل کو کیا میں راجدھانی ہیں طرف میں در میں لیے جانا ہے پائے جو تمہیں نہ ہے جانے نہیں ہے دنیا اس دیا ہے کوئی,0.8076923076923077,0.0,3.1153846153846154,26,21
LSTM,SGD,LSTM_SGD,دل,Heart,1.0,دل ہیں بہار گھڑی گوار جو ہونے کو بجا دنوں کیا یارو نیچے گے آتا بھی نکلے لہو ہے مجھے میں فیصلہ کو ہیں سرور ہوتے,0.9230769230769231,0.0,3.269230769230769,26,24
LSTM,SGD,LSTM_SGD,دل,Heart,1.3,دل یہ چھالے عالم غالبؔ ولے کے انہیں کو یاراں رہا الٹی جائے جلاد نہیں بنے بیدلؔ تک کہ رب کرو دست جسے تھی زندہ کہ,0.9615384615384616,0.0,3.3076923076923075,26,25
LSTM,SGD,LSTM_SGD,شام,Evening,0.7,شام ہم کے ویرانہ ہے خیال کا تیرے مبارک گا ہے سکتی نہ ہے دل ہے کیا جو نما پھر ہم ہے ہے تو تیرا کیا,0.7307692307692307,0.0,2.769230769230769,26,19
LSTM,SGD,LSTM_SGD,شام,Evening,1.0,شام کے فرمائیے اب مند یارو ہم دن آگاہی کہتے میں دیا تھی تھی جائے بات ہیں ہو پہنچے نہیں ہو ڈال میرے درباں گئے مجھے,0.9230769230769231,0.0,3.423076923076923,26,24
LSTM,SGD,LSTM_SGD,شام,Evening,1.3,شام کیوں یادگار سن انکار وجد پہ تھکنے ہوں یکسر ہو گھرا کوئی تر گے درندوں مر گئیں ہم چوک گا دل تھا آ ہیں دیتا,1.0,0.0,3.1923076923076925,26,26
LSTM,SGD,LSTM_SGD,یاد,Memory,0.7,یاد سے ہوا ہے آج نظر میں مجھے تو ہے میرا منزل ہے مدت نے گزر کوئی چل ہے سوتی آگے ہے دل ہم گا نہیں,0.8461538461538461,0.0,2.730769230769231,26,22
LSTM,SGD,LSTM_SGD,یاد,Memory,1.0,یاد میں اظہار کر بجھا اس نکلے کا ساتھ کلی ہے چل اکیلا زندگی ہیں پانچ کہیں دوست کیا ہے کوئی جائیں ریزہ میں اور کچھ,0.9230769230769231,0.0,3.3846153846153846,26,24
LSTM,SGD,LSTM_SGD,یاد,Memory,1.3,یاد بھولا یارو دشمن سے بجے او میں کو لیے کے بھولی اب سمجھائے تن میرا نہ ہم نہ تھی تھا پوچھ اختلاط ہو میرے تنہا,0.9615384615384616,0.0,3.269230769230769,26,25
LSTM,SGD,LSTM_SGD,خوشی,Happiness,0.7,خوشی ہو کو کہاں ہے میرے جی ہے ناکام مجھ رہے ہے دینا ہو ہے چلے گا دکھ میں تھی آغاز ساتھ پر ملا رہے ہے,0.7692307692307693,0.040000000000000036,2.8846153846153846,26,20
LSTM,SGD,LSTM_SGD,خوشی,Happiness,1.0,خوشی ہے ایڑیوں خوف نہ نثار تھا ان کسی ہے تبریز دس باتیں ہے بھی دیتے طلب ہے تا سمجھتے سے دل گیر کا ہوں تو,0.8846153846153846,0.0,3.0384615384615383,26,23
LSTM,SGD,LSTM_SGD,خوشی,Happiness,1.3,خوشی سے دو نالۂ حد پہ مانوس لب پاتا بجلیاں کا اسدؔ تو مارے نظر اچھا ہی نہ ہے وفائی پرخلوص یگانہ اندازے ہوگی جا میرا,1.0,0.0,3.4615384615384617,26,26
Transformer,Adam,Transformer_Adam,محبت,Love,0.7,محبت پر کے میں ہے نہ ہے نہ تک میں ہے سے ہے کی کہ نہ ہی ہے کی کو نہ ہے ہے ہے ہے <OOV>,0.5,0.24,2.269230769230769,26,13
Transformer,Adam,Transformer_Adam,محبت,Love,1.0,محبت ہو اک آیا ہے جائے پنجۂ بال وہ میری تنہا کی میں خیال کرنا گھر عاشق لیتے آہ تماشائے لیے میں یار زلف نے کہاں,0.9615384615384616,0.0,3.269230769230769,26,25
Transformer,Adam,Transformer_Adam,محبت,Love,1.3,محبت مشت تسلیم کر جائے کافر بن ظلمت ہیں حسن خاک موج بنائے ہے ہم قتل بدن انفاس کے گھر رہزن سرشتہ کلیجے مری مہ کارخانے,1.0,0.0,3.5,26,26
Transformer,Adam,Transformer_Adam,دل,Heart,0.7,دل سارا ہے کی اور کا نہیں تو میری ہے میں کر ترے فریاد کے میں سے سے نہ سے ہے ہے سے بات رنگ کیا,0.7307692307692307,0.0,2.6153846153846154,26,19
Transformer,Adam,Transformer_Adam,دل,Heart,1.0,دل اب کیا ہے اتراؤ پر ہی اب بلبل والے نازنیں میں تازگی کام سایا قطرہ نخواستہ ہیں طرح ناتواں کی دیدار مانی کوئی ایک زیادہ,0.9615384615384616,0.0,3.6538461538461537,26,25
Transformer,Adam,Transformer_Adam,دل,Heart,1.3,دل جائیے کرتا ترے روشن کہتے مل پیڑوں شش ہے تھیں ڈوبیں انہیں کا ہے یہاں رندانہ چھیڑے نظارہ سینکڑوں کو نام پرستی ماتھے نہ مزاج,0.9615384615384616,0.0,3.8076923076923075,26,25
Transformer,Adam,Transformer_Adam,شام,Evening,0.7,شام یہ میں ہے ہے کی ہے نہیں سے کی کی دار ہمیں اس میں ہے کی نہیں کوئی ہے میں تو کی نہ کے کیا,0.5769230769230769,0.07999999999999996,2.5384615384615383,26,15
Transformer,Adam,Transformer_Adam,شام,Evening,1.0,شام فسانہ میں کہ کیا خدا آنسوؤں چھوڑا گھٹا ہیں و کیا اپنا کوں اے ہم پہلے سب پردے میں پردہ سنا پوچھا مستی کی سہی,0.9230769230769231,0.0,3.3076923076923075,26,24
Transformer,Adam,Transformer_Adam,شام,Evening,1.3,شام دید سامان لالۂ کا رسم داد ہے مقتل اثر نیازی رہنا سے دکھلا رباب راتیں دبی پہ ضامن سوگ گل ہاتھ لخت وفا نامور ہوئی,1.0,0.0,3.5,26,26
Transformer,Adam,Transformer_Adam,یاد,Memory,0.7,یاد ہے بات ہے ٹک دل تو اور ہوں کو میں رنگ باقی پن کی نہیں دشمنی کو تم بت میں کوئی کر کو بندگی یا,0.8461538461538461,0.0,2.730769230769231,26,22
Transformer,Adam,Transformer_Adam,یاد,Memory,1.0,یاد پائنچے تیری ہیں دل تمہاری کر ہیں رہنما نے میں میرا تیری عشق گا ہیں ہو مگر غروب افکار سے بول تھی تھے کر آرا,0.8461538461538461,0.0,3.269230769230769,26,22
Transformer,Adam,Transformer_Adam,یاد,Memory,1.3,یاد ہمارے ہے حشم جھجکتے قدم رو ہے بے نہیں گیسو جل ہوتا مٹنا شیریں ڈھلتی کسی سریجن کشاں واے محمل سوزن رکے نہا بعد مجھے,0.9615384615384616,0.0,3.5384615384615383,26,25
Transformer,Adam,Transformer_Adam,خوشی,Happiness,0.7,خوشی ہے سے ساتھ درازی کو نہ کو کا نہ و سے کو کو کے سر کا کا سے کو کی نکلا ہے میں یہ دل,0.6153846153846154,0.040000000000000036,2.3461538461538463,26,16
Transformer,Adam,Transformer_Adam,خوشی,Happiness,1.0,خوشی سنگ ہے عیب ہما لی کو زار اس کی میں ہے کعبہ عذر ہے صدا نہیں ہیں در تھے تو ہے وہ پہ گے گیا,0.8846153846153846,0.0,2.6153846153846154,26,23
Transformer,Adam,Transformer_Adam,خوشی,Happiness,1.3,خوشی چلے وحشتے درندوں خبر دریدہ نہ ہے رات ہی جانب پیش چالاکیاں موڑ آتے آج کے اپنے ہوں تاخیر حسن یارب کہانی کی میں لگتا,1.0,0.0,3.576923076923077,26,26
Transformer,RMSprop,Transformer_RMSprop,محبت,Love,0.7,محبت نے کر شب ہے ہو میں ہم کا لگائے لطف ہستی ہے جس سے خلوت گے دل بگڑا سے کے گے ہو نہ زندگی نہ,0.8076923076923077,0.0,2.6153846153846154,26,21
Transformer,RMSprop,Transformer_RMSprop,محبت,Love,1.0,محبت کے دھوپ مرے کی مجمر یعنی میں گھات ہے دونی فتنۂ ہے نہیں کا کیجئے جئیں محشر حقیقت ہے ابر سے ہے رہا ہے ہے,0.8076923076923077,0.0,3.1538461538461537,26,21
Transformer,RMSprop,Transformer_RMSprop,محبت,Love,1.3,محبت جکڑا ڈھلا عشق ہیں کو کیا کیا تھا ہو بھی کاشانوں ادب کرے ہو عنبر ہے نہ عذرا ممکنہ چاٹ کھول ہادی آشفتگی نامحرم گواہ,0.9230769230769231,0.0,3.576923076923077,26,24
Transformer,RMSprop,Transformer_RMSprop,دل,Heart,0.7,دل ہی سے نہ کوئی کا ہے بہرہ کاسہ ہے جاتی ہے ہے ہے ہو بزم دوا لیکن گئی اور گے میں ہوگا بدن یہ اور,0.8076923076923077,0.040000000000000036,2.730769230769231,26,21
Transformer,RMSprop,Transformer_RMSprop,دل,Heart,1.0,دل میں کو غم باب گھر آواز دے بے کو لٹائیں ہے گلدستے لالہ بھی صندلیں سوا بھوکے قلندری ہو لہو چلا رہا ہے نہ ہے,0.8846153846153846,0.0,3.1923076923076925,26,23
Transformer,RMSprop,Transformer_RMSprop,دل,Heart,1.3,دل شب کو کس کا کیسا نے ديد روکنے وہ دھیمے ساتھ ہو نالاں پھرا بادشاہی ہلے فضا احتساب ہے ہے ہو دستار ہے ولے اڑنے,0.8846153846153846,0.0,3.269230769230769,26,23
Transformer,RMSprop,Transformer_RMSprop,شام,Evening,0.7,شام ہوں میں نے تو میں بیت نہ تو جانتے ہیں دے جائے ہیں گے برق سن گے گے بیٹھے گے گے مری تم گے رہے,0.6923076923076923,0.040000000000000036,2.6923076923076925,26,18
Transformer,RMSprop,Transformer_RMSprop,شام,Evening,1.0,شام و نہ میں کرو داغ پتہ تھا اپنی آسماں سے وہ نیلے ہو کس اٹھائیے مضطر مٹیا پرچھائیں رہا آب میں ہے کیا ہے ہے,0.8846153846153846,0.0,3.1538461538461537,26,23
Transformer,RMSprop,Transformer_RMSprop,شام,Evening,1.3,شام مری کاری ہودہ چھڑانا باہم ہے کسی سے کم جو بجھ نظر کو نہ نہ سامانوں دیکھنا سمجھتے جانا وگرنہ نہ مر کچھ ہو گیا,0.9230769230769231,0.0,3.3461538461538463,26,24
Transformer,RMSprop,Transformer_RMSprop,یاد,Memory,0.7,یاد ہیں اب اس سے اک تو دل تجھے بات ہوئے میں اس سے رہے پر ساتھ گے اور مری گے دیکھتے ہیں آہستہ چلے گے,0.8076923076923077,0.040000000000000036,2.8461538461538463,26,21
Transformer,RMSprop,Transformer_RMSprop,یاد,Memory,1.0,یاد جب بے نہ نیروے نے دیکھتے کیا ہو رہے نثار رویوں ہیں محرمانہ آزمائی رہے پایا گئی منظر برداری تعاقب مرثیہ ہو مشتری ہے چلا,0.9230769230769231,0.0,3.730769230769231,26,24
Transformer,RMSprop,Transformer_RMSprop,یاد,Memory,1.3,یاد ایک سہی انجان بیٹھے گیا بھلے خوں شاہوں رہا کو ہوں کسی کو دے یہاں ہے تمہیں ہیں کو گیا ہیں ورنہ دگر ساتھ آشام,0.8461538461538461,0.0,3.3076923076923075,26,22
Transformer,RMSprop,Transformer_RMSprop,خوشی,Happiness,0.7,خوشی کی گمنام بھی نہ پھر ہیں <OOV> کے کو ہم گے تھے نہ گے گے گے زمانہ نفس ذوق طرح گے لوٹ گے سے ادائے‌,0.7692307692307693,0.040000000000000036,2.8846153846153846,26,20
Transformer,RMSprop,Transformer_RMSprop,خوشی,Happiness,1.0,خوشی ہے میں و داغوں مگر گے سخن میں پیوستہ رنگ پاؤں ہم نے تو گے رہے نگارے خواب گے کہ سستے ہوتی رہی ہے جل,0.8461538461538461,0.0,3.0,26,22
Transformer,RMSprop,Transformer_RMSprop,خوشی,Happiness,1.3,خوشی لوگ الحاں نے حوالے ہوتا ہیں ساقی ہے بدخشاں سے دے بھی محفل ببروں تھی گئی چلے لہکنا تھے رو گے خودی آ بہلایئے وہ,1.0,0.0,3.423076923076923,26,26
Transformer,SGD,Transformer_SGD,محبت,Love,0.7,محبت میں کوئی تو ہو ہوں ہوں نہیں میں نہیں میں ہوں ہوں نہیں جدا نہ جاتا ہے آوارگی میں مری ہے نہ لگیں میں گے,0.5769230769230769,0.12,3.1153846153846154,26,15
Transformer,SGD,Transformer_SGD,محبت,Love,1.0,محبت کے آنکھ لیے ترے پہ ہیں ہے رو مر یہاں سکتے نہ پڑا کا گے ہو نہ میں تھی مارے گے ہے لگا وہ میں,0.8461538461538461,0.0,2.6923076923076925,26,22
Transformer,SGD,Transformer_SGD,محبت,Love,1.3,محبت دھوپ عشق خدمت دولت نے بہی مشرب تھی بے تمہیں دریا رو ہو ہے جان گزر اندھیر زندگی نہ گیا ہے ہے مری دار لائیں,0.9230769230769231,0.0,3.269230769230769,26,24
Transformer,SGD,Transformer_SGD,دل,Heart,0.7,دل کے بھی میرؔ آپ نہ نہ نہ نہ کو تقاضا بیٹھے کوئی گے نہ گئے کرو گے نہ گے نہ آوارگی گے پاؤ گے گے,0.5769230769230769,0.16000000000000003,2.6923076923076925,26,15
Transformer,SGD,Transformer_SGD,دل,Heart,1.0,دل کتاب خلوت میں دنوں سنبھال نہیں مانگے نہ ہے بے سوال گیا میں تھا ہے رہا رہا رہا ہے خواب آوارگی میں مری ہو ہوں,0.7692307692307693,0.040000000000000036,3.269230769230769,26,20
Transformer,SGD,Transformer_SGD,دل,Heart,1.3,دل تو کربلا تراشے چاہئے تو کریں عشق ہوتا آئے ہے میں بھلا ہے ہوگا کیا پاؤ نالے پاؤ ہے لیسنس کو لگیں گے منیں <OOV>,0.8461538461538461,0.0,3.3461538461538463,26,22
Transformer,SGD,Transformer_SGD,شام,Evening,0.7,شام بھی ابرو کے بھی نہیں دیتے ہو ہو ہیں لیے کو ہے رہ کر نہیں اپنا لگیں نہ گے ہے لگیں ہے گے پاؤ مری,0.7307692307692307,0.0,2.8076923076923075,26,19
Transformer,SGD,Transformer_SGD,شام,Evening,1.0,شام پانی میں میں نے ایسا تو میں منصور نہیں تھی ہوتا ہے تھا ہے ہے ہو سکتا پاؤ تم لگیں پاؤ گے کو گیا گے,0.7692307692307693,0.0,2.923076923076923,26,20
Transformer,SGD,Transformer_SGD,شام,Evening,1.3,شام بھر چمن رو لیا کیا رہے کس قدم ہیں ہیں کیا میرا آساں لگیں عزیز آ ہو پاؤ ہے دور میں کوں ہے بال ہے,0.8461538461538461,0.0,2.8846153846153846,26,22
Transformer,SGD,Transformer_SGD,یاد,Memory,0.7,یاد ہے تم تو اپنے میں نہیں آتا نہیں کے جانا نہیں ہو طرف ہے گیا گے گیا طرح لگیں رہا نہ ہے پاؤ ہے گیا,0.7307692307692307,0.040000000000000036,2.8461538461538463,26,19
Transformer,SGD,Transformer_SGD,یاد,Memory,1.0,یاد ہو تو کوئی نہیں دیتے تھیں ترے دے سے گیا رہا ہوں کر ہے میں گیا اور کو جائیں نہ ہے جان میں میں سے,0.8076923076923077,0.0,2.8461538461538463,26,21
Transformer,SGD,Transformer_SGD,یاد,Memory,1.3,یاد سرا میں لینے چاہئے بڑے دوست نہ لیتا میرا جانے جانا نہ کوئی مملو فسانہ گیا رتیاں ہے گیا دن دوست آوارگی ہوگی کروں اٹک,0.8846153846153846,0.0,3.6153846153846154,26,23
Transformer,SGD,Transformer_SGD,خوشی,Happiness,0.7,خوشی کے میں ہی سب دیکھتے ہیں کی ہیں طرف خواب ہیں نہیں ہیں ہیں ہے پانچ ہیں جان گے بڑی آپ ہیں اور ہوتے ہیں,0.7307692307692307,0.0,3.0384615384615383,26,19
Transformer,SGD,Transformer_SGD,خوشی,Happiness,1.0,خوشی تھے میرے میں اکثر تم شرر ہے سمجھتے چلے گے رہے کیوں جاتی بھولیں ہم رہے ہیں ہم ہیں ہے ابھی ہیں آوارگی رہے نکلے,0.7692307692307693,0.0,3.3846153846153846,26,20
Transformer,SGD,Transformer_SGD,خوشی,Happiness,1.3,خوشی و گدا ہوائیں رہی طعنہ میں ہیں دم ممکن پر ہے ہے رکھنا دیں نہ جاوے محسنؔ آوارگی ہوئی آوارگی ہوتے بدلا تھے ہائے ہے,0.8846153846153846,0.0,3.5,26,23
